{
  "fib": {
    "count": 276,
    "total": 0.01586229990789434,
    "min": 6.199996278155595e-06,
    "max": 0.0012764999992214143
  },
  "factorial": {
    "count": 46,
    "total": 0.002032600052189082,
    "min": 6.400005077011883e-06,
    "max": 0.00012310000602155924
  },
  "sum_to": {
    "count": 1,
    "total": 0.0008900999964680523,
    "min": 0.0008900999964680523,
    "max": 0.0008900999964680523
  },
  "reverse_array": {
    "count": 1,
    "total": 0.0010855000000447035,
    "min": 0.0010855000000447035,
    "max": 0.0010855000000447035
  }
}