{
  "fib": {
    "count": 276,
    "total": 0.01664509991678642,
    "min": 6.199996278155595e-06,
    "max": 0.0012814000001526438
  },
  "factorial": {
    "count": 46,
    "total": 0.0020491000323090702,
    "min": 6.399997801054269e-06,
    "max": 0.0001236000025528483
  },
  "sum_to": {
    "count": 1,
    "total": 0.0009285999985877424,
    "min": 0.0009285999985877424,
    "max": 0.0009285999985877424
  },
  "reverse_array": {
    "count": 1,
    "total": 0.0008691000039107166,
    "min": 0.0008691000039107166,
    "max": 0.0008691000039107166
  }
}