{
  "fib": {
    "count": 276,
    "total": 0.018603400021675043,
    "min": 6.199996278155595e-06,
    "max": 0.0017433999964850955
  },
  "factorial": {
    "count": 46,
    "total": 0.0026434999890625477,
    "min": 6.499998562503606e-06,
    "max": 0.0002449999956297688
  },
  "sum_to": {
    "count": 1,
    "total": 0.0009218000050168484,
    "min": 0.0009218000050168484,
    "max": 0.0009218000050168484
  },
  "reverse_array": {
    "count": 1,
    "total": 0.0008615000042482279,
    "min": 0.0008615000042482279,
    "max": 0.0008615000042482279
  }
}