{
  "fib": {
    "count": 276,
    "total": 0.015673799913201947,
    "min": 6.199996278155595e-06,
    "max": 0.0012634000013349578
  },
  "factorial": {
    "count": 46,
    "total": 0.0020553000140353106,
    "min": 6.399997801054269e-06,
    "max": 0.00012319999950705096
  },
  "sum_to": {
    "count": 1,
    "total": 0.000931700000364799,
    "min": 0.000931700000364799,
    "max": 0.000931700000364799
  },
  "reverse_array": {
    "count": 1,
    "total": 0.0007914000016171485,
    "min": 0.0007914000016171485,
    "max": 0.0007914000016171485
  }
}