{
  "timestamp": 1765426040.1373343,
  "runs": {
    "run_0": {
      "fib": {
        "count": 276,
        "total": 0.015673799913201947,
        "min": 6.199996278155595e-06,
        "max": 0.0012634000013349578
      },
      "factorial": {
        "count": 46,
        "total": 0.0020553000140353106,
        "min": 6.399997801054269e-06,
        "max": 0.00012319999950705096
      },
      "sum_to": {
        "count": 1,
        "total": 0.000931700000364799,
        "min": 0.000931700000364799,
        "max": 0.000931700000364799
      },
      "reverse_array": {
        "count": 1,
        "total": 0.0007914000016171485,
        "min": 0.0007914000016171485,
        "max": 0.0007914000016171485
      }
    },
    "run_1": {
      "fib": {
        "count": 276,
        "total": 0.01664509991678642,
        "min": 6.199996278155595e-06,
        "max": 0.0012814000001526438
      },
      "factorial": {
        "count": 46,
        "total": 0.0020491000323090702,
        "min": 6.399997801054269e-06,
        "max": 0.0001236000025528483
      },
      "sum_to": {
        "count": 1,
        "total": 0.0009285999985877424,
        "min": 0.0009285999985877424,
        "max": 0.0009285999985877424
      },
      "reverse_array": {
        "count": 1,
        "total": 0.0008691000039107166,
        "min": 0.0008691000039107166,
        "max": 0.0008691000039107166
      }
    },
    "run_2": {
      "fib": {
        "count": 276,
        "total": 0.01586229990789434,
        "min": 6.199996278155595e-06,
        "max": 0.0012764999992214143
      },
      "factorial": {
        "count": 46,
        "total": 0.002032600052189082,
        "min": 6.400005077011883e-06,
        "max": 0.00012310000602155924
      },
      "sum_to": {
        "count": 1,
        "total": 0.0008900999964680523,
        "min": 0.0008900999964680523,
        "max": 0.0008900999964680523
      },
      "reverse_array": {
        "count": 1,
        "total": 0.0010855000000447035,
        "min": 0.0010855000000447035,
        "max": 0.0010855000000447035
      }
    }
  },
  "targets": "all"
}